5102,4802,2643,2199
5013,4743,2638,2183
4924,4684,2633,2167
4835,4625,2628,2151
4746,4566,2623,2135
4675,4522.5,2617,2116.75
4604,4479,2611,2098.5
4533,4435.5,2605,2080.25
4462,4392,2599,2062
4377,4318.25,2596,2084.75
4292,4244.5,2593,2107.5
4207,4170.75,2590,2130.25
4122,4097,2587,2153
4058.5,4038.5,2591.75,2186.75
3995,3980,2596.5,2220.5
3931.5,3921.5,2601.25,2254.25
3868,3863,2606,2288
3837,3828.5,2610,2300.75
3806,3794,2614,2313.5
3775,3759.5,2618,2326.25
3744,3725,2622,2339
3735.5,3710.25,2624,2348.75
3727,3695.5,2626,2358.5
3718.5,3680.75,2628,2368.25
3710,3666,2630,2378
3712.25,3668,2639.25,2404
3714.5,3670,2648.5,2430
3716.75,3672,2657.75,2456
3719,3674,2667,2482
3713.75,3662.75,2703.5,2555.75
3708.5,3651.5,2740,2629.5
3703.25,3640.25,2776.5,2703.25
3698,3629,2813,2777
3742.75,3626,2853.25,2835.5
3787.5,3623,2893.5,2894
3832.25,3620,2933.75,2952.5
3877,3617,2974,3011
3995.75,3691.5,2972,3014.5
4114.5,3766,2970,3018
4233.25,3840.5,2968,3021.5
4352,3915,2966,3025
4445,4008,2924,3019
4538,4101,2882,3013
4631,4194,2840,3007
4724,4287,2798,3001
4836.5,4378.5,2739.5,3007
4949,4470,2681,3013
5061.5,4561.5,2622.5,3019
5174,4653,2564,3025
5251.5,4710,2541.5,2990
5329,4767,2519,2955
5406.5,4824,2496.5,2920
5484,4881,2474,2885
5417.25,4823.5,2453.25,2825.75
5350.5,4766,2432.5,2766.5
5283.75,4708.5,2411.75,2707.25
5217,4651,2391,2648
5090.25,4591.25,2363.5,2580
4963.5,4531.5,2336,2512
4836.75,4471.75,2308.5,2444
4710,4412,2281,2376
4687.25,4390,2241.25,2341.75
4664.5,4368,2201.5,2307.5
4641.75,4346,2161.75,2273.25
4619,4324,2122,2239
4654.25,4340.25,2124.75,2285
4689.5,4356.5,2127.5,2331
4724.75,4372.75,2130.25,2377
4760,4389,2133,2423
4897.25,4508.25,2163.5,2475
5034.5,4627.5,2194,2527
5171.75,4746.75,2224.5,2579
5309,4866,2255,2631
5416.25,4981,2257.75,2612.25
5523.5,5096,2260.5,2593.5
5630.75,5211,2263.25,2574.75
5738,5326,2266,2556
5769.5,5364.75,2257,2533.5
5801,5403.5,2248,2511
5832.5,5442.25,2239,2488.5
5864,5481,2230,2466
5861,5487,2213.5,2436
5858,5493,2197,2406
5855,5499,2180.5,2376
5852,5505,2164,2346
5815.25,5450,2138.25,2312
5778.5,5395,2112.5,2278
5741.75,5340,2086.75,2244
5705,5285,2061,2210
5659.75,5216,2209.75,2232.25
5614.5,5147,2358.5,2254.5
5569.25,5078,2507.25,2276.75
5524,5009,2656,2299
5527.25,4920.5,2501.5,2252.75
5530.5,4832,2347,2206.5
5533.75,4743.5,2192.5,2160.25
5537,4655,2038,2114
5257.75,4562.25,1996,2045
4978.5,4469.5,1954,1976
4699.25,4376.75,1912,1907
4420,4284,1870,1838
4357,4208.25,1823.25,1775.5
4294,4132.5,1776.5,1713
4231,4056.75,1729.75,1650.5
4168,3981,1683,1588
4101.25,3926,1631.75,1547.25
4034.5,3871,1580.5,1506.5
3967.75,3816,1529.25,1465.75
3901,3761,1478,1425
3886.75,3733.5,1423,1384.5
3872.5,3706,1368,1344
3858.25,3678.5,1313,1303.5
3844,3651,1258,1263
3839.25,3639,1205.25,1205.5
3834.5,3627,1152.5,1148
3829.75,3615,1099.75,1090.5
3825,3603,1047,1033
3826.25,3608.25,1001.5,947.75
3827.5,3613.5,956,862.5
3828.75,3618.75,910.5,777.25
3830,3624,865,692
3841.25,3651.5,827.25,650
3852.5,3679,789.5,608
3863.75,3706.5,751.75,566
3875,3734,714,524
3885.75,3752.5,690.5,495.5
3896.5,3771,667,467
3907.25,3789.5,643.5,438.5
3918,3808,620,410
3941,3850.5,646.5,427.25
3964,3893,673,444.5
3987,3935.5,699.5,461.75
4010,3978,726,479
4068,4080.25,779.75,543.25
4126,4182.5,833.5,607.5
4184,4284.75,887.25,671.75
4242,4387,941,736
4350.25,4486.75,974,789.25
4458.5,4586.5,1007,842.5
4566.75,4686.25,1040,895.75
4675,4786,1073,949
4782.5,4859.75,1089,944.25
4890,4933.5,1105,939.5
4997.5,5007.25,1121,934.75
5105,5081,1137,930
5164.25,5154.25,1135.25,937.5
5223.5,5227.5,1133.5,945
5282.75,5300.75,1131.75,952.5
5342,5374,1130,960
5317.25,5344,1116.5,948
5292.5,5314,1103,936
5267.75,5284,1089.5,924
5243,5254,1076,912
5160.75,5196.5,1040.75,877.5
5078.5,5139,1005.5,843
4996.25,5081.5,970.25,808.5
4914,5024,935,774
4877.25,4991.5,867,712
4840.5,4959,799,650
4803.75,4926.5,731,588
4767,4894,663,526
4782.25,4896.25,576.75,451.25
4797.5,4898.5,490.5,376.5
4812.75,4900.75,404.25,301.75
4828,4903,318,227
4983.5,5025.75,288.25,205.75
5139,5148.5,258.5,184.5
5294.5,5271.25,228.75,163.25
5450,5394,199,142
5591.5,5534.5,202.5,141.75
5733,5675,206,141.5
5874.5,5815.5,209.5,141.25
6016,5956,213,141
6062.5,6007.5,213.25,146.5
6109,6059,213.5,152
6155.5,6110.5,213.75,157.5
6202,6162,214,163
6204.5,6135.75,214.5,164.75
6207,6109.5,215,166.5
6209.5,6083.25,215.5,168.25
6212,6057,216,170
6177.75,5973,219,174.5
6143.5,5889,222,179
6109.25,5805,225,183.5
6075,5721,228,188
6032,5619.5,234,195.75
5989,5518,240,203.5
5946,5416.5,246,211.25
5903,5315,252,219
5561.5,5234.75,255.25,223.25
5220,5154.5,258.5,227.5
4878.5,5074.25,261.75,231.75
4537,4994,265,236
4409,4897.75,275.75,245.75
4281,4801.5,286.5,255.5
4153,4705.25,297.25,265.25
4025,4609,308,275
3926.25,4519.5,320.75,294
3827.5,4430,333.5,313
3728.75,4340.5,346.25,332
3630,4251,359,351
3578.75,4207.5,375.25,366.75
3527.5,4164,391.5,382.5
3476.25,4120.5,407.75,398.25
3425,4077,424,414
3407,4051.5,441.75,451.5
3389,4026,459.5,489
3371,4000.5,477.25,526.5
3353,3975,495,564
3351.5,3971.5,513.5,606.75
3350,3968,532,649.5
3348.5,3964.5,550.5,692.25
3347,3961,569,735
3379.25,3989.5,590,759.5
3411.5,4018,611,784
3443.75,4046.5,632,808.5
3476,4075,653,833
3582.75,4175.5,676.75,847.5
3689.5,4276,700.5,862
3796.25,4376.5,724.25,876.5
3903,4477,748,891
4110,4612.5,774,930.5
4317,4748,800,970
4524,4883.5,826,1009.5
4731,5019,852,1049
4959.5,5194.25,915.25,1125.75
5188,5369.5,978.5,1202.5
5416.5,5544.75,1041.75,1279.25
5645,5720,1105,1356
5778.25,5848.75,1187,1422.75
5911.5,5977.5,1269,1489.5
6044.75,6106.25,1351,1556.25
6178,6235,1433,1623
6225.25,6281.75,1489,1685.25
6272.5,6328.5,1545,1747.5
6319.75,6375.25,1601,1809.75
6367,6422,1657,1872
6370.75,6462.5,1688.75,1909
6374.5,6503,1720.5,1946
6378.25,6543.5,1752.25,1983
6382,6584,1784,2020
6287,6588.5,1818.75,2051.75
6192,6593,1853.5,2083.5
6097,6597.5,1888.25,2115.25
6002,6602,1923,2147
6014.5,6588,1967.25,2157
6027,6574,2011.5,2167
6039.5,6560,2055.75,2177
6052,6546,2100,2187
6099.5,6580.5,2127.75,2186.75
6147,6615,2155.5,2186.5
6194.5,6649.5,2183.25,2186.25
6242,6684,2211,2186
6235,6677,2198,2173.75
6228,6670,2185,2161.5
6221,6663,2172,2149.25
6214,6656,2159,2137
6219.75,6670.75,2127.5,2113
6225.5,6685.5,2096,2089
6231.25,6700.25,2064.5,2065
6237,6715,2033,2041
6308.75,6801,2072.25,2094.75
6380.5,6887,2111.5,2148.5
6452.25,6973,2150.75,2202.25
6524,7059,2190,2256
6599.75,7139.75,2260.25,2304
6675.5,7220.5,2330.5,2352
6751.25,7301.25,2400.75,2400
6827,7382,2471,2448
6824.25,7403.75,2522,2502
6821.5,7425.5,2573,2556
6818.75,7447.25,2624,2610
6816,7469,2675,2664
6769.75,7417.25,2722.5,2700.25
6723.5,7365.5,2770,2736.5
6677.25,7313.75,2817.5,2772.75
6631,7262,2865,2809
6571,7146,2912.25,2851.25
6511,7030,2959.5,2893.5
6451,6914,3006.75,2935.75
6391,6798,3054,2978
6326.5,6654.5,3097,3020.75
6262,6511,3140,3063.5
6197.5,6367.5,3183,3106.25
6133,6224,3226,3149
5884.75,6082,3248.25,3071.5
5636.5,5940,3270.5,2994
5388.25,5798,3292.75,2916.5
5140,5656,3315,2839
5181.25,5543,3357.75,2912.75
5222.5,5430,3400.5,2986.5
5263.75,5317,3443.25,3060.25
5305,5204,3486,3134
5219.25,5119,3519.75,3236
5133.5,5034,3553.5,3338
5047.75,4949,3587.25,3440
4962,4864,3621,3542
4904.75,4813.75,3653.5,3602.5
4847.5,4763.5,3686,3663
4790.25,4713.25,3718.5,3723.5
4733,4663,3751,3784
4707,4631.25,3782,3797.5
4681,4599.5,3813,3811
4655,4567.75,3844,3824.5
4629,4536,3875,3838
4621,4530.5,3899.75,3844.25
4613,4525,3924.5,3850.5
4605,4519.5,3949.25,3856.75
4597,4514,3974,3863
4617.75,4530.25,3990.25,3868.5
4638.5,4546.5,4006.5,3874
4659.25,4562.75,4022.75,3879.5
4680,4579,4039,3885
4770.25,4669.75,4043.75,3886
4860.5,4760.5,4048.5,3887
4950.75,4851.25,4053.25,3888
5041,4942,4058,3889
5198.5,5077.75,4049.75,3944
5356,5213.5,4041.5,3999
5513.5,5349.25,4033.25,4054
5671,5485,4025,4109
5845,5671,4030,4160.5
6019,5857,4035,4212
6193,6043,4040,4263.5
6367,6229,4045,4315
6472.75,6363.75,4072.25,4240
6578.5,6498.5,4099.5,4165
6684.25,6633.25,4126.75,4090
6790,6768,4154,4015
6825.5,6835.25,4145.25,3865.75
6861,6902.5,4136.5,3716.5
6896.5,6969.75,4127.75,3567.25
6932,7037,4119,3418
6952.5,7078.5,4122.25,3580.5
6973,7120,4125.5,3743
6993.5,7161.5,4128.75,3905.5
7014,7203,4132,4068
6989.75,7182.75,4171.5,4136.5
6965.5,7162.5,4211,4205
6941.25,7142.25,4250.5,4273.5
6917,7122,4290,4342
6895.75,7084.25,4358,4359
6874.5,7046.5,4426,4376
6853.25,7008.75,4494,4393
6832,6971,4562,4410
6864.5,6982,4592.5,4452
6897,6993,4623,4494
6929.5,7004,4653.5,4536
6962,7015,4684,4578
6960.5,6995.5,4650.5,4510.75
6959,6976,4617,4443.5
6957.5,6956.5,4583.5,4376.25
6956,6937,4550,4309
6955,6948.5,4456.75,4211.25
6954,6960,4363.5,4113.5
6953,6971.5,4270.25,4015.75
6952,6983,4177,3918
7003.5,7061.5,4105.25,3899.25
7055,7140,4033.5,3880.5
7106.5,7218.5,3961.75,3861.75
7158,7297,3890,3843
7255.75,7386,3844,3757.5
7353.5,7475,3798,3672
7451.25,7564,3752,3586.5
7549,7653,3706,3501
7580,7672.5,3629.25,3546.75
7611,7692,3552.5,3592.5
7642,7711.5,3475.75,3638.25
7673,7731,3399,3684
7630,7673,3322.75,3591.75
7587,7615,3246.5,3499.5
7544,7557,3170.25,3407.25
7501,7499,3094,3315
7406.75,7389.75,3040.75,3256.5
7312.5,7280.5,2987.5,3198
7218.25,7171.25,2934.25,3139.5
7124,7062,2881,3081
7038.75,6920.75,2844.25,3035.75
6953.5,6779.5,2807.5,2990.5
6868.25,6638.25,2770.75,2945.25
6783,6497,2734,2900
6586,6346.25,2725,2860.25
6389,6195.5,2716,2820.5
6192,6044.75,2707,2780.75
5995,5894,2698,2741
5844,5768.25,2662,2710.75
5693,5642.5,2626,2680.5
5542,5516.75,2590,2650.25
5391,5391,2554,2620
5304,5298.5,2523.25,2597
5217,5206,2492.5,2574
5130,5113.5,2461.75,2551
5043,5021,2431,2528
4984.75,4962.5,2393.5,2464.75
4926.5,4904,2356,2401.5
4868.25,4845.5,2318.5,2338.25
4810,4787,2281,2275
4783.75,4754.75,2248.25,2285.25
4757.5,4722.5,2215.5,2295.5
4731.25,4690.25,2182.75,2305.75
4705,4658,2150,2316
4696.75,4646.5,2118.5,2305.5
4688.5,4635,2087,2295
4680.25,4623.5,2055.5,2284.5
4672,4612,2024,2274
4693.25,4622.75,1997.25,2197
4714.5,4633.5,1970.5,2120
4735.75,4644.25,1943.75,2043
4757,4655,1917,1966
4848.5,4748.5,1901.25,1901.5
4940,4842,1885.5,1837
5031.5,4935.5,1869.75,1772.5
5123,5029,1854,1708
5283,5163.5,1845.25,1744.25
5443,5298,1836.5,1780.5
5603,5432.5,1827.75,1816.75
5763,5567,1819,1853
5939.75,5777.75,1849.5,1923.25
6116.5,5988.5,1880,1993.5
6293.25,6199.25,1910.5,2063.75
6470,6410,1941,2134
6577.5,6533.25,2015.25,2238
6685,6656.5,2089.5,2342
6792.5,6779.75,2163.75,2446
6900,6903,2238,2550
6936.25,6946,2355.5,2704.25
6972.5,6989,2473,2858.5
7008.75,7032,2590.5,3012.75
7045,7075,2708,3167
7066,7131.25,2852.25,3275.5
7087,7187.5,2996.5,3384
7108,7243.75,3140.75,3492.5
7129,7300,3285,3601
7104,7309.25,3385.75,3707.5
7079,7318.5,3486.5,3814
7054,7327.75,3587.25,3920.5
7029,7337,3688,4027
7007.5,7331,3739.25,4070.75
6986,7325,3790.5,4114.5
6964.5,7319,3841.75,4158.25
6943,7313,3893,4202
6976.25,7346.5,3904,4217.5
7009.5,7380,3915,4233
7042.75,7413.5,3926,4248.5
7076,7447,3937,4264
7074.25,7429.25,3922,4241.75
7072.5,7411.5,3907,4219.5
7070.75,7393.75,3892,4197.25
7069,7376,3877,4175
7068,7381.25,3838.5,4133.75
7067,7386.5,3800,4092.5
7066,7391.75,3761.5,4051.25
7065,7397,3723,4010
7117.5,7456,3699.25,3986.5
7170,7515,3675.5,3963
7222.5,7574,3651.75,3939.5
7275,7633,3628,3916
7374.25,7711.25,3617.5,3861.5
7473.5,7789.5,3607,3807
7572.75,7867.75,3596.5,3752.5
7672,7946,3586,3698
7703.5,7963.5,3537.5,3753
7735,7981,3489,3808
7766.5,7998.5,3440.5,3863
7798,8016,3392,3918
7754.25,7946.75,3324,3817
7710.5,7877.5,3256,3716
7666.75,7808.25,3188,3615
7623,7739,3120,3514
7527,7622.25,3052.75,3410
7431,7505.5,2985.5,3306
7335,7388.75,2918.25,3202
7239,7272,2851,3098
7152.5,7158.5,2782,2996
7066,7045,2713,2894
6979.5,6931.5,2644,2792
6893,6818,2575,2690
6662.25,6660,2508,2597.5
6431.5,6502,2441,2505
6200.75,6344,2374,2412.5
5970,6186,2307,2320
5814.75,6047.5,2252.5,2283.75
5659.5,5909,2198,2247.5
5504.25,5770.5,2143.5,2211.25
5349,5632,2089,2175
5260.5,5528.5,2055.75,2138.75
5172,5425,2022.5,2102.5
5083.5,5321.5,1989.25,2066.25
4995,5218,1956,2030
4942.75,5161,1923.5,1954.75
4890.5,5104,1891,1879.5
4838.25,5047,1858.5,1804.25
4786,4990,1826,1729
4762.75,4956.5,1792.5,1690
4739.5,4923,1759,1651
4716.25,4889.5,1725.5,1612
4693,4856,1692,1573
4696.25,4848.5,1652.25,1529.25
4699.5,4841,1612.5,1485.5
4702.75,4833.5,1572.75,1441.75
4706,4826,1533,1398
4713.5,4845.25,1488.25,1337.25
4721,4864.5,1443.5,1276.5
4728.5,4883.75,1398.75,1215.75
4736,4903,1354,1155
4807.75,4983,1312.75,1107.25
4879.5,5063,1271.5,1059.5
4951.25,5143,1230.25,1011.75
5023,5223,1189,964
5187.25,5360.75,1156.75,1009.5
5351.5,5498.5,1124.5,1055
5515.75,5636.25,1092.25,1100.5
5680,5774,1060,1146
5878,5963.5,1055.5,1181.25
6076,6153,1051,1216.5
6274,6342.5,1046.5,1251.75
6472,6532,1042,1287
6578.75,6668.75,1052,1294.25
6685.5,6805.5,1062,1301.5
6792.25,6942.25,1072,1308.75
6899,7079,1082,1316
6956.25,7118.25,1098.75,1317.75
7013.5,7157.5,1115.5,1319.5
7070.75,7196.75,1132.25,1321.25
7128,7236,1149,1323
7164,7268,1175,1326.75
7200,7300,1201,1330.5
7236,7332,1227,1334.25
7272,7364,1253,1338
7263.25,7347,1282.5,1377.25
7254.5,7330,1312,1416.5
7245.75,7313,1341.5,1455.75
7237,7296,1371,1495
7215.25,7279.75,1406.5,1521
7193.5,7263.5,1442,1547
7171.75,7247.25,1477.5,1573
7150,7231,1513,1599
7184.25,7266.75,1528,1594
7218.5,7302.5,1543,1589
7252.75,7338.25,1558,1584
7287,7374,1573,1579
7285,7347.25,1552.5,1545.75
7283,7320.5,1532,1512.5
7281,7293.75,1511.5,1479.25
7279,7267,1491,1446
7271.25,7263.5,1431.5,1400
7263.5,7260,1372,1354
7255.75,7256.5,1312.5,1308
7248,7253,1253,1262
7314.75,7320.5,1239.25,1305.5
7381.5,7388,1225.5,1349
7448.25,7455.5,1211.75,1392.5
7515,7523,1198,1436
7617.75,7620.5,1238.5,1505.25
7720.5,7718,1279,1574.5
7823.25,7815.5,1319.5,1643.75
7926,7913,1360,1713
7953.75,7949.5,1396.25,1653.5
7981.5,7986,1432.5,1594
8009.25,8022.5,1468.75,1534.5
8037,8059,1505,1475
7977.5,8012,1544.25,1489.75
7918,7965,1583.5,1504.5
7858.5,7918,1622.75,1519.25
7799,7871,1662,1534
7669.5,7761,1694.5,1548.75
7540,7651,1727,1563.5
7410.5,7541,1759.5,1578.25
7281,7431,1792,1593
7184,7283.25,1818.25,1602.25
7087,7135.5,1844.5,1611.5
6990,6987.75,1870.75,1620.75
6893,6840,1897,1630
6573,6685,1844.25,1764
6253,6530,1791.5,1898
5933,6375,1738.75,2032
5613,6220,1686,2166
5596,6079.75,1714.75,2224.5
5579,5939.5,1743.5,2283
5562,5799.25,1772.25,2341.5
5545,5659,1801,2400
5457.5,5542.25,1838.25,2427.75
5370,5425.5,1875.5,2455.5
5282.5,5308.75,1912.75,2483.25
5195,5192,1950,2511
5147,5118.5,1999.25,2487.75
5099,5045,2048.5,2464.5
5051,4971.5,2097.75,2441.25
5003,4898,2147,2418
4968.25,4886.5,2200.5,2396.75
4933.5,4875,2254,2375.5
4898.75,4863.5,2307.5,2354.25
4864,4852,2361,2333
4852.75,4843.25,2411,2363.75
4841.5,4834.5,2461,2394.5
4830.25,4825.75,2511,2425.25
4819,4817,2561,2456
4849.5,4837.5,2588.25,2502
4880,4858,2615.5,2548
4910.5,4878.5,2642.75,2594
4941,4899,2670,2640
5023.75,4988.25,2657.75,2684
5106.5,5077.5,2645.5,2728
5189.25,5166.75,2633.25,2772
5272,5256,2621,2816
5414,5401.5,2590.25,2787
5556,5547,2559.5,2758
5698,5692.5,2528.75,2729
5840,5838,2498,2700
6014.75,6034,2493.75,2725
6189.5,6230,2489.5,2750
6364.25,6426,2485.25,2775
6539,6622,2481,2800
6662.25,6737.25,2491.25,2836.75
6785.5,6852.5,2501.5,2873.5
6908.75,6967.75,2511.75,2910.25
7032,7083,2522,2947
7076,7092,2546,2979.25
7120,7101,2570,3011.5
7164,7110,2594,3043.75
7208,7119,2618,3076
7238.5,7128.75,2641,3048
7269,7138.5,2664,3020
7299.5,7148.25,2687,2992
7330,7158,2710,2964
7298.25,7117.25,2687,2828.75
7266.5,7076.5,2664,2693.5
7234.75,7035.75,2641,2558.25
7203,6995,2618,2423
7185.5,6949.5,2555.25,2313.75
7168,6904,2492.5,2204.5
7150.5,6858.5,2429.75,2095.25
7133,6813,2367,1986
7140.75,6826,2272.5,1900.75
7148.5,6839,2178,1815.5
7156.25,6852,2083.5,1730.25
7164,6865,1989,1645
7158.5,6854.5,1900.25,1573.75
7153,6844,1811.5,1502.5
7147.5,6833.5,1722.75,1431.25
7142,6823,1634,1360
7174,6829.75,1560.25,1293.5
7206,6836.5,1486.5,1227
7238,6843.25,1412.75,1160.5
7270,6850,1339,1094
7363.25,6931.75,1327.5,1121.25
7456.5,7013.5,1316,1148.5
7549.75,7095.25,1304.5,1175.75
7643,7177,1293,1203
7714,7302.25,1317.5,1219.5
7785,7427.5,1342,1236
7856,7552.75,1366.5,1252.5
7927,7678,1391,1269
7929,7716.75,1384.75,1293.25
7931,7755.5,1378.5,1317.5
7933,7794.25,1372.25,1341.75
7935,7833,1366,1366
7859,7793.25,1351,1342.75
7783,7753.5,1336,1319.5
7707,7713.75,1321,1296.25
7631,7674,1306,1273
7507.5,7573.75,1284.5,1237.75
7384,7473.5,1263,1202.5
7260.5,7373.25,1241.5,1167.25
7137,7273,1220,1132
7040.75,7132.75,1192.5,1092.25
6944.5,6992.5,1165,1052.5
6848.25,6852.25,1137.5,1012.75
6752,6712,1110,973
6618.25,6573,1033.5,860.5
6484.5,6434,957,748
6350.75,6295,880.5,635.5
6217,6156,804,523
6093.25,6028.25,763.75,495
5969.5,5900.5,723.5,467
5845.75,5772.75,683.25,439
5722,5645,643,411
5621.5,5534.5,606,391
5521,5424,569,371
5420.5,5313.5,532,351
5320,5203,495,331
5257.75,5137,466,316.25
5195.5,5071,437,301.5
5133.25,5005,408,286.75
5071,4939,379,272
5032,4895.25,357.5,267.5
4993,4851.5,336,263
4954,4807.75,314.5,258.5
4915,4764,293,254
4900.25,4742.75,282,268.25
4885.5,4721.5,271,282.5
4870.75,4700.25,260,296.75
4856,4679,249,311
4869.75,4682,249.75,339
4883.5,4685,250.5,367
4897.25,4688,251.25,395
4911,4691,252,423
4958.75,4719.75,260.5,446.25
5006.5,4748.5,269,469.5
5054.25,4777.25,277.5,492.75
5102,4806,286,516
5165.5,4857,297.75,545.75
5229,4908,309.5,575.5
5292.5,4959,321.25,605.25
5356,5010,333,635
5473.25,5086.25,384.25,700.25
5590.5,5162.5,435.5,765.5
5707.75,5238.75,486.75,830.75
5825,5315,538,896
5922.5,5428.75,619.25,1008.25
6020,5542.5,700.5,1120.5
6117.5,5656.25,781.75,1232.75
6215,5770,863,1345
6247.5,5840.75,926.5,1415.25
6280,5911.5,990,1485.5
6312.5,5982.25,1053.5,1555.75
6345,6053,1117,1626
6352,6095.5,1163,1624.5
6359,6138,1209,1623
6366,6180.5,1255,1621.5
6373,6223,1301,1620
6367.25,6259.25,1361.5,1647.25
6361.5,6295.5,1422,1674.5
6355.75,6331.75,1482.5,1701.75
6350,6368,1543,1729
6304.25,6347.75,1619,1789.25
6258.5,6327.5,1695,1849.5
6212.75,6307.25,1771,1909.75
6167,6287,1847,1970
6128.75,6237.75,1912.5,2094
6090.5,6188.5,1978,2218
6052.25,6139.25,2043.5,2342
6014,6090,2109,2466
5989,6075.25,2155.75,2530
5964,6060.5,2202.5,2594
5939,6045.75,2249.25,2658
5914,6031,2296,2722
5949.25,6049.25,2301.5,2695.5
5984.5,6067.5,2307,2669
6019.75,6085.75,2312.5,2642.5
6055,6104,2318,2616
6216.75,6231,2342.25,2666
6378.5,6358,2366.5,2716
6540.25,6485,2390.75,2766
6702,6612,2415,2816
6809.75,6764.5,2453.5,2843
6917.5,6917,2492,2870
7025.25,7069.5,2530.5,2897
7133,7222,2569,2924
7164,7270,2563,2905.5
7195,7318,2557,2887
7226,7366,2551,2868.5
7257,7414,2545,2850
7207.25,7379.75,2536,2803.5
7157.5,7345.5,2527,2757
7107.75,7311.25,2518,2710.5
7058,7277,2509,2664
6954.5,7172.75,2513.75,2632.75
6851,7068.5,2518.5,2601.5
6747.5,6964.25,2523.25,2570.25
6644,6860,2528,2539
6554.25,6738.5,2533.5,2535.75
6464.5,6617,2539,2532.5
6374.75,6495.5,2544.5,2529.25
6285,6374,2550,2526
6138.5,6251.75,2543.75,2546.75
5992,6129.5,2537.5,2567.5
5845.5,6007.25,2531.25,2588.25
5699,5885,2525,2609
5589,5752,2533.5,2621
5479,5619,2542,2633
5369,5486,2550.5,2645
5259,5353,2559,2657
5166.75,5238,2574.25,2679.75
5074.5,5123,2589.5,2702.5
4982.25,5008,2604.75,2725.25
4890,4893,2620,2748
4824.75,4829.75,2646.5,2753.5
4759.5,4766.5,2673,2759
4694.25,4703.25,2699.5,2764.5
4629,4640,2726,2770
4600.25,4598.25,2749.5,2800
4571.5,4556.5,2773,2830
4542.75,4514.75,2796.5,2860
4514,4473,2820,2890
4503.5,4458,2840.75,2889.5
4493,4443,2861.5,2889
4482.5,4428,2882.25,2888.5
4472,4413,2903,2888
4483,4408.75,2906.25,2899.75
4494,4404.5,2909.5,2911.5
4505,4400.25,2912.75,2923.25
4516,4396,2916,2935
4546.75,4421,2906.5,2908.5
4577.5,4446,2897,2882
4608.25,4471,2887.5,2855.5
4639,4496,2878,2829
4664,4509,2866.75,2815.75
4689,4522,2855.5,2802.5
4714,4535,2844.25,2789.25
4739,4548,2833,2776
4818.75,4583.25,2866.75,2821
4898.5,4618.5,2900.5,2866
4978.25,4653.75,2934.25,2911
5058,4689,2968,2956
5177,4818.5,3037.25,3015.25
5296,4948,3106.5,3074.5
5415,5077.5,3175.75,3133.75
5534,5207,3245,3193
5612.25,5346.25,3300,3237.75
5690.5,5485.5,3355,3282.5
5768.75,5624.75,3410,3327.25
5847,5764,3465,3372
5894.25,5867.25,3502.25,3389
5941.5,5970.5,3539.5,3406
5988.75,6073.75,3576.75,3423
6036,6177,3614,3440
6044,6248.25,3628.5,3453
6052,6319.5,3643,3466
6060,6390.75,3657.5,3479
6068,6462,3672,3492
6000.5,6422.75,3674.75,3489
5933,6383.5,3677.5,3486
5865.5,6344.25,3680.25,3483
5798,6305,3683,3480
5752.25,6236.25,3656.5,3463.75
5706.5,6167.5,3630,3447.5
5660.75,6098.75,3603.5,3431.25
5615,6030,3577,3415
5601.5,6015.75,3511.75,3364.25
5588,6001.5,3446.5,3313.5
5574.5,5987.25,3381.25,3262.75
5561,5973,3316,3212
5610.5,5975.25,3212.25,3126
5660,5977.5,3108.5,3040
5709.5,5979.75,3004.75,2954
5759,5982,2901,2868
5913.75,6090,2836,2800.5
6068.5,6198,2771,2733
6223.25,6306,2706,2665.5
6378,6414,2641,2598
6476.75,6529.5,2623.5,2558.5
6575.5,6645,2606,2519
6674.25,6760.5,2588.5,2479.5
6773,6876,2571,2440
6811.5,6935.25,2536,2516.75
6850,6994.5,2501,2593.5
6888.5,7053.75,2466,2670.25
6927,7113,2431,2747
6899.5,7097.25,2400.5,2705.75
6872,7081.5,2370,2664.5
6844.5,7065.75,2339.5,2623.25
6817,7050,2309,2582
6728.5,6957.75,2290.5,2543
6640,6865.5,2272,2504
6551.5,6773.25,2253.5,2465
6463,6681,2235,2426
6379,6555.5,2212.75,2385.25
6295,6430,2190.5,2344.5
6211,6304.5,2168.25,2303.75
6127,6179,2146,2263
6075.5,6053.75,2133.5,2307.75
6024,5928.5,2121,2352.5
5972.5,5803.25,2108.5,2397.25
5921,5678,2096,2442
5711.75,5564,2067.75,2391.5
5502.5,5450,2039.5,2341
5293.25,5336,2011.25,2290.5
5084,5222,1983,2240
4992.75,5127.75,1959.75,2186.75
4901.5,5033.5,1936.5,2133.5
4810.25,4939.25,1913.25,2080.25
4719,4845,1890,2027
4674.25,4786.75,1872.25,1989.5
4629.5,4728.5,1854.5,1952
4584.75,4670.25,1836.75,1914.5
4540,4612,1819,1877
4524.25,4590.5,1808,1890.75
4508.5,4569,1797,1904.5
4492.75,4547.5,1786,1918.25
4477,4526,1775,1932
4476,4517.5,1763.5,1942.25
4475,4509,1752,1952.5
4474,4500.5,1740.5,1962.75
4473,4492,1729,1973
4507.25,4525.25,1713.5,1959.75
4541.5,4558.5,1698,1946.5
4575.75,4591.75,1682.5,1933.25
4610,4625,1667,1920
4727,4743.5,1643.25,1900.75
4844,4862,1619.5,1881.5
4961,4980.5,1595.75,1862.25
5078,5099,1572,1843
5277,5290.75,1546.25,1821.75
5476,5482.5,1520.5,1800.5
5675,5674.25,1494.75,1779.25
5874,5866,1469,1758
6100.5,6068,1478,1755.5
6327,6270,1487,1753
6553.5,6472,1496,1750.5
6780,6674,1505,1748
6910.25,6801.75,1533.75,1718.25
7040.5,6929.5,1562.5,1688.5
7170.75,7057.25,1591.25,1658.75
7301,7185,1620,1629
7338,7211,1637.25,1590.5
7375,7237,1654.5,1552
7412,7263,1671.75,1513.5
7449,7289,1689,1475
7472.5,7329,1697.75,1431.75
7496,7369,1706.5,1388.5
7519.5,7409,1715.25,1345.25
7543,7449,1724,1302
7513,7423.25,1715.75,1280.5
7483,7397.5,1707.5,1259
7453,7371.75,1699.25,1237.5
7423,7346,1691,1216
7395.5,7328.25,1686,1178.5
7368,7310.5,1681,1141
7340.5,7292.75,1676,1103.5
7313,7275,1671,1066
7328.25,7307.25,1652,1052.25
7343.5,7339.5,1633,1038.5
7358.75,7371.75,1614,1024.75
7374,7404,1595,1011
7346.75,7386,1556.5,996.25
7319.5,7368,1518,981.5
7292.25,7350,1479.5,966.75
7265,7332,1441,952
7250.75,7326.75,1384.5,931.25
7236.5,7321.5,1328,910.5
7222.25,7316.25,1271.5,889.75
7208,7311,1215,869
7297.75,7362.75,1190.5,871.75
7387.5,7414.5,1166,874.5
7477.25,7466.25,1141.5,877.25
7567,7518,1117,880
7699.5,7610.5,1152.5,879.5
7832,7703,1188,879
7964.5,7795.5,1223.5,878.5
8097,7888,1259,878
8158.5,7932.75,1274.25,976.75
8220,7977.5,1289.5,1075.5
8281.5,8022.25,1304.75,1174.25
8343,8067,1320,1273
8320.5,8030,1330.75,1294.75
8298,7993,1341.5,1316.5
8275.5,7956,1352.25,1338.25
8253,7919,1363,1360
8162.75,7808.75,1375,1380
8072.5,7698.5,1387,1400
7982.25,7588.25,1399,1420
7892,7478,1411,1440
7790.75,7316.5,1425.5,1453.5
7689.5,7155,1440,1467
7588.25,6993.5,1454.5,1480.5
7487,6832,1469,1494
7146.5,6663.75,1490.25,1489.75
6806,6495.5,1511.5,1485.5
6465.5,6327.25,1532.75,1481.25
6125,6159,1554,1477
5984.5,6023,1573.25,1485.5
5844,5887,1592.5,1494
5703.5,5751,1611.75,1502.5
5563,5615,1631,1511
5478,5511.75,1650.25,1524.25
5393,5408.5,1669.5,1537.5
5308,5305.25,1688.75,1550.75
5223,5202,1708,1564
5170.75,5145,1720.75,1588.5
5118.5,5088,1733.5,1613
5066.25,5031,1746.25,1637.5
5014,4974,1759,1662
4987.5,4956,1760.75,1661
4961,4938,1762.5,1660
4934.5,4920,1764.25,1659
4908,4902,1766,1658
4907,4887.5,1769.25,1652.75
4906,4873,1772.5,1647.5
4905,4858.5,1775.75,1642.25
4904,4844,1779,1637
4935.75,4868.75,1786,1630.25
4967.5,4893.5,1793,1623.5
4999.25,4918.25,1800,1616.75
5031,4943,1807,1610
5132.75,5042.25,1813.75,1617.75
5234.5,5141.5,1820.5,1625.5
5336.25,5240.75,1827.25,1633.25
5438,5340,1834,1641
5588.75,5527.25,1847.25,1675.5
5739.5,5714.5,1860.5,1710
5890.25,5901.75,1873.75,1744.5
6041,6089,1887,1779
6230,6292.25,1924.5,1837
6419,6495.5,1962,1895
6608,6698.75,1999.5,1953
6797,6902,2037,2011
6906.5,6994,2076.5,2057.25
7016,7086,2116,2103.5
7125.5,7178,2155.5,2149.75
7235,7270,2195,2196
7269.75,7261.5,2193.25,2193.25
7304.5,7253,2191.5,2190.5
7339.25,7244.5,2189.75,2187.75
7374,7236,2188,2185
7383.75,7235.25,2172.75,2126.5
7393.5,7234.5,2157.5,2068
7403.25,7233.75,2142.25,2009.5
7413,7233,2127,1951
7389.25,7174.5,2099.75,1858.5
7365.5,7116,2072.5,1766
7341.75,7057.5,2045.25,1673.5
7318,6999,2018,1581
7321.25,6952,1989.25,1519.25
7324.5,6905,1960.5,1457.5
7327.75,6858,1931.75,1395.75
7331,6811,1903,1334
7345.5,6835.5,1872.5,1283.75
7360,6860,1842,1233.5
7374.5,6884.5,1811.5,1183.25
7389,6909,1781,1133
7365.25,6890,1744.25,1088.5
7341.5,6871,1707.5,1044
7317.75,6852,1670.75,999.5
7294,6833,1634,955
7299.25,6843,1592.75,914.5
7304.5,6853,1551.5,874
7309.75,6863,1510.25,833.5
7315,6873,1469,793
7400.25,6956,1479.5,829.25
7485.5,7039,1490,865.5
7570.75,7122,1500.5,901.75
7656,7205,1511,938
7730,7349,1580.25,1044.25
7804,7493,1649.5,1150.5
7878,7637,1718.75,1256.75
7952,7781,1788,1363
7956,7850.5,1847.25,1425
7960,7920,1906.5,1487
7964,7989.5,1965.75,1549
7968,8059,2025,1611
7903.5,8025.75,2071.5,1685.75
7839,7992.5,2118,1760.5
7774.5,7959.25,2164.5,1835.25
7710,7926,2211,1910
7597,7818.25,2257.25,1976
7484,7710.5,2303.5,2042
7371,7602.75,2349.75,2108
7258,7495,2396,2174
7158.25,7338.75,2448.25,2243.75
7058.5,7182.5,2500.5,2313.5
6958.75,7026.25,2552.75,2383.25
6859,6870,2605,2453
6696.75,6706,2655.5,2483.5
6534.5,6542,2706,2514
6372.25,6378,2756.5,2544.5
